{
    "combined_score": 0.18235187347904622,
    "public": {
        "avg_tour_length": 6103.2,
        "num_instances_solved": 5,
        "individual_scores": [
            0.2927400468384075,
            0.20040080160320642,
            0.17262213015708613,
            0.13024225058609012,
            0.11575413821044102
        ]
    },
    "private": {
        "individual_lengths": [
            3416.0,
            4990.0,
            5793.0,
            7678.0,
            8639.0
        ]
    },
    "execution_time_mean": 0.41408245719999287,
    "execution_time_std": 0.4659833592741037,
    "num_valid_runs": 5,
    "num_invalid_runs": 0,
    "all_validation_errors": []
}