{
    "combined_score": 0.18922323564019475,
    "public": {
        "avg_tour_length": 5804.0,
        "num_instances_solved": 5,
        "individual_scores": [
            0.2927400468384075,
            0.21326508850501172,
            0.17642907551164433,
            0.14122299110295156,
            0.12245897624295861
        ]
    },
    "private": {
        "individual_lengths": [
            3416.0,
            4689.0,
            5668.0,
            7081.0,
            8166.0
        ]
    },
    "execution_time_mean": 0.1426928635686636,
    "execution_time_std": 0.16301474222246956,
    "num_valid_runs": 5,
    "num_invalid_runs": 0,
    "all_validation_errors": []
}