{
    "combined_score": 0.18729386592197647,
    "public": {
        "avg_tour_length": 5889.2,
        "num_instances_solved": 5,
        "individual_scores": [
            0.2927400468384075,
            0.2047082906857728,
            0.18142235123367198,
            0.13935340022296544,
            0.11824524062906468
        ]
    },
    "private": {
        "individual_lengths": [
            3416.0,
            4885.0,
            5512.0,
            7176.0,
            8457.0
        ]
    },
    "execution_time_mean": 0.050866399658843875,
    "execution_time_std": 0.06027373159844146,
    "num_valid_runs": 5,
    "num_invalid_runs": 0,
    "all_validation_errors": []
}