{
    "combined_score": 0.1909821071458548,
    "public": {
        "avg_tour_length": 5727.4,
        "num_instances_solved": 5,
        "individual_scores": [
            0.2927400468384075,
            0.21326508850501172,
            0.18142235123367198,
            0.14259232853272494,
            0.12489072061945797
        ]
    },
    "private": {
        "individual_lengths": [
            3416.0,
            4689.0,
            5512.0,
            7013.0,
            8007.0
        ]
    },
    "execution_time_mean": 4.9940075869998966,
    "execution_time_std": 0.0006124371326308488,
    "num_valid_runs": 5,
    "num_invalid_runs": 0,
    "all_validation_errors": []
}