{
    "combined_score": 0.18939053353085974,
    "public": {
        "avg_tour_length": 5784.8,
        "num_instances_solved": 5,
        "individual_scores": [
            0.2927400468384075,
            0.20837674515524068,
            0.18112660749864154,
            0.1417836381681554,
            0.12292562999385372
        ]
    },
    "private": {
        "individual_lengths": [
            3416.0,
            4799.0,
            5521.0,
            7053.0,
            8135.0
        ]
    },
    "execution_time_mean": 1.355911234200039,
    "execution_time_std": 1.8405630313304029,
    "num_valid_runs": 5,
    "num_invalid_runs": 0,
    "all_validation_errors": []
}