{
    "combined_score": 0.19027108260741926,
    "public": {
        "avg_tour_length": 5771.2,
        "num_instances_solved": 5,
        "individual_scores": [
            0.2927400468384075,
            0.21326508850501172,
            0.18142235123367198,
            0.1417233560090703,
            0.12220457045093487
        ]
    },
    "private": {
        "individual_lengths": [
            3416.0,
            4689.0,
            5512.0,
            7056.0,
            8183.0
        ]
    },
    "execution_time_mean": 5.000277010399986,
    "execution_time_std": 0.00015715271840868614,
    "num_valid_runs": 5,
    "num_invalid_runs": 0,
    "all_validation_errors": []
}