{
    "combined_score": 0.19015214336160885,
    "public": {
        "avg_tour_length": 5749.6,
        "num_instances_solved": 5,
        "individual_scores": [
            0.2927400468384075,
            0.2095996646405366,
            0.18142235123367198,
            0.14245014245014245,
            0.12454851164528584
        ]
    },
    "private": {
        "individual_lengths": [
            3416.0,
            4771.0,
            5512.0,
            7020.0,
            8029.0
        ]
    },
    "execution_time_mean": 3.3649651587940754,
    "execution_time_std": 1.8579991311840676,
    "num_valid_runs": 5,
    "num_invalid_runs": 0,
    "all_validation_errors": []
}