{
    "combined_score": 0.18824445766157913,
    "public": {
        "avg_tour_length": 5869.2,
        "num_instances_solved": 5,
        "individual_scores": [
            0.2927400468384075,
            0.21141649048625794,
            0.18142235123367198,
            0.13437248051599032,
            0.1212709192335678
        ]
    },
    "private": {
        "individual_lengths": [
            3416.0,
            4730.0,
            5512.0,
            7442.0,
            8246.0
        ]
    },
    "execution_time_mean": 0.14673947200008114,
    "execution_time_std": 0.13902390548744983,
    "num_valid_runs": 5,
    "num_invalid_runs": 0,
    "all_validation_errors": []
}