{
    "combined_score": 0.18706584126515557,
    "public": {
        "avg_tour_length": 5953.2,
        "num_instances_solved": 5,
        "individual_scores": [
            0.2927400468384075,
            0.21213406873143828,
            0.1785076758300607,
            0.13846579894765992,
            0.11348161597821153
        ]
    },
    "private": {
        "individual_lengths": [
            3416.0,
            4714.0,
            5602.0,
            7222.0,
            8812.0
        ]
    },
    "execution_time_mean": 5.010300823799957,
    "execution_time_std": 0.009306263804584327,
    "num_valid_runs": 5,
    "num_invalid_runs": 0,
    "all_validation_errors": []
}