{
    "combined_score": 0.18945029558587095,
    "public": {
        "avg_tour_length": 5800.4,
        "num_instances_solved": 5,
        "individual_scores": [
            0.2927400468384075,
            0.21123785382340515,
            0.18142235123367198,
            0.13939224979091164,
            0.12245897624295861
        ]
    },
    "private": {
        "individual_lengths": [
            3416.0,
            4734.0,
            5512.0,
            7174.0,
            8166.0
        ]
    },
    "execution_time_mean": 0.09157176921144128,
    "execution_time_std": 0.12178554354373923,
    "num_valid_runs": 5,
    "num_invalid_runs": 0,
    "all_validation_errors": []
}