{
    "combined_score": 0.18857945790803685,
    "public": {
        "avg_tour_length": 5851.2,
        "num_instances_solved": 5,
        "individual_scores": [
            0.2927400468384075,
            0.21123785382340515,
            0.18142235123367198,
            0.13672409078479628,
            0.12077294685990338
        ]
    },
    "private": {
        "individual_lengths": [
            3416.0,
            4734.0,
            5512.0,
            7314.0,
            8280.0
        ]
    },
    "execution_time_mean": 5.000346410599991,
    "execution_time_std": 0.00028620835626487284,
    "num_valid_runs": 5,
    "num_invalid_runs": 0,
    "all_validation_errors": []
}