{
    "combined_score": 0.18958523248419226,
    "public": {
        "avg_tour_length": 5796.8,
        "num_instances_solved": 5,
        "individual_scores": [
            0.2927400468384075,
            0.21213406873143828,
            0.18053800324968405,
            0.140607424071991,
            0.12190661952944044
        ]
    },
    "private": {
        "individual_lengths": [
            3416.0,
            4714.0,
            5539.0,
            7112.0,
            8203.0
        ]
    },
    "execution_time_mean": 1.579508990400018,
    "execution_time_std": 1.8264554489928768,
    "num_valid_runs": 5,
    "num_invalid_runs": 0,
    "all_validation_errors": []
}