{
    "combined_score": 0.1890110747776383,
    "public": {
        "avg_tour_length": 5827.2,
        "num_instances_solved": 5,
        "individual_scores": [
            0.2927400468384075,
            0.21141649048625794,
            0.1810610175629187,
            0.13883104262113008,
            0.12100677637947725
        ]
    },
    "private": {
        "individual_lengths": [
            3416.0,
            4730.0,
            5523.0,
            7203.0,
            8264.0
        ]
    },
    "execution_time_mean": 4.953439091000019,
    "execution_time_std": 0.0015067047261791626,
    "num_valid_runs": 5,
    "num_invalid_runs": 0,
    "all_validation_errors": []
}