{
    "combined_score": 0.19098834778148852,
    "public": {
        "avg_tour_length": 5727.0,
        "num_instances_solved": 5,
        "individual_scores": [
            0.2927400468384075,
            0.21326508850501172,
            0.18142235123367198,
            0.14259232853272494,
            0.12492192379762648
        ]
    },
    "private": {
        "individual_lengths": [
            3416.0,
            4689.0,
            5512.0,
            7013.0,
            8005.0
        ]
    },
    "execution_time_mean": 4.978088748200003,
    "execution_time_std": 0.005118570111996468,
    "num_valid_runs": 5,
    "num_invalid_runs": 0,
    "all_validation_errors": []
}