{
    "combined_score": 0.19100368248170752,
    "public": {
        "avg_tour_length": 5725.6,
        "num_instances_solved": 5,
        "individual_scores": [
            0.2927400468384075,
            0.21326508850501172,
            0.18142235123367198,
            0.14245014245014245,
            0.12514078338130397
        ]
    },
    "private": {
        "individual_lengths": [
            3416.0,
            4689.0,
            5512.0,
            7020.0,
            7991.0
        ]
    },
    "execution_time_mean": 4.98434102199999,
    "execution_time_std": 0.001371704490408543,
    "num_valid_runs": 5,
    "num_invalid_runs": 0,
    "all_validation_errors": []
}