{
    "combined_score": 0.10157440325038089,
    "public": {
        "avg_tour_length": -8707.6,
        "num_instances_solved": 5,
        "individual_scores": [
            0.0,
            0.0,
            0.5078720162519045,
            0.0,
            0.0
        ]
    },
    "private": {
        "individual_lengths": [
            -18494.0,
            -8470.0,
            1969.0,
            -9125.0,
            -9418.0
        ]
    },
    "execution_time_mean": 5.00037151123397,
    "execution_time_std": 0.00020274327253458943,
    "num_valid_runs": 5,
    "num_invalid_runs": 0,
    "all_validation_errors": []
}