{
    "combined_score": 0.18952593585292135,
    "public": {
        "avg_tour_length": 5809.0,
        "num_instances_solved": 5,
        "individual_scores": [
            0.2927400468384075,
            0.21326508850501172,
            0.18142235123367198,
            0.13789299503585217,
            0.1223091976516634
        ]
    },
    "private": {
        "individual_lengths": [
            3416.0,
            4689.0,
            5512.0,
            7252.0,
            8176.0
        ]
    },
    "execution_time_mean": 1.2695165417157113,
    "execution_time_std": 1.895321156985099,
    "num_valid_runs": 5,
    "num_invalid_runs": 0,
    "all_validation_errors": []
}