{
    "combined_score": 0.18817651899419527,
    "public": {
        "avg_tour_length": 5855.2,
        "num_instances_solved": 5,
        "individual_scores": [
            0.2927400468384075,
            0.20837674515524068,
            0.18142235123367198,
            0.13757050488375291,
            0.12077294685990338
        ]
    },
    "private": {
        "individual_lengths": [
            3416.0,
            4799.0,
            5512.0,
            7269.0,
            8280.0
        ]
    },
    "execution_time_mean": 0.09290550280006755,
    "execution_time_std": 0.07606351368207795,
    "num_valid_runs": 5,
    "num_invalid_runs": 0,
    "all_validation_errors": []
}