{
    "combined_score": 0.18822873140111113,
    "public": {
        "avg_tour_length": 5852.4,
        "num_instances_solved": 5,
        "individual_scores": [
            0.2927400468384075,
            0.20837674515524068,
            0.18142235123367198,
            0.1378169790518192,
            0.12078753472641623
        ]
    },
    "private": {
        "individual_lengths": [
            3416.0,
            4799.0,
            5512.0,
            7256.0,
            8279.0
        ]
    },
    "execution_time_mean": 1.039394192199984,
    "execution_time_std": 1.9806615731689516,
    "num_valid_runs": 5,
    "num_invalid_runs": 0,
    "all_validation_errors": []
}