{
    "combined_score": 0.19050637334622927,
    "public": {
        "avg_tour_length": 5758.0,
        "num_instances_solved": 5,
        "individual_scores": [
            0.2927400468384075,
            0.21326508850501172,
            0.18142235123367198,
            0.14245014245014245,
            0.12265423770391266
        ]
    },
    "private": {
        "individual_lengths": [
            3416.0,
            4689.0,
            5512.0,
            7020.0,
            8153.0
        ]
    },
    "execution_time_mean": 5.00025867539996,
    "execution_time_std": 0.0001087841937882071,
    "num_valid_runs": 5,
    "num_invalid_runs": 0,
    "all_validation_errors": []
}