{
    "combined_score": 0.18736801477194556,
    "public": {
        "avg_tour_length": 5893.2,
        "num_instances_solved": 5,
        "individual_scores": [
            0.2927400468384075,
            0.21123785382340515,
            0.1763979537837361,
            0.13550135501355012,
            0.120962864400629
        ]
    },
    "private": {
        "individual_lengths": [
            3416.0,
            4734.0,
            5669.0,
            7380.0,
            8267.0
        ]
    },
    "execution_time_mean": 0.020650937175378203,
    "execution_time_std": 0.014989667273250979,
    "num_valid_runs": 5,
    "num_invalid_runs": 0,
    "all_validation_errors": []
}