{
    "combined_score": 0.18922223910185126,
    "public": {
        "avg_tour_length": 5781.6,
        "num_instances_solved": 5,
        "individual_scores": [
            0.2927400468384075,
            0.20614306328592044,
            0.18142235123367198,
            0.14259232853272494,
            0.1232134056185313
        ]
    },
    "private": {
        "individual_lengths": [
            3416.0,
            4851.0,
            5512.0,
            7013.0,
            8116.0
        ]
    },
    "execution_time_mean": 1.4080546085999686,
    "execution_time_std": 1.8446689953325268,
    "num_valid_runs": 5,
    "num_invalid_runs": 0,
    "all_validation_errors": []
}